{
  "n": 1630,
  "m": 2374,
  "k_avg": 2.912883435582822,
  "edge_length_total": 121066.95157036005,
  "edge_length_avg": 50.99703099004214,
  "streets_per_node_avg": 2.9521472392638035,
  "streets_per_node_counts": {
    "0": 0,
    "1": 223,
    "2": 59,
    "3": 928,
    "4": 413,
    "5": 7
  },
  "streets_per_node_proportions": {
    "0": 0.0,
    "1": 0.13680981595092023,
    "2": 0.03619631901840491,
    "3": 0.5693251533742332,
    "4": 0.25337423312883434,
    "5": 0.004294478527607362
  },
  "intersection_count": 1407,
  "street_length_total": 121066.95157036005,
  "street_segment_count": 2374,
  "street_length_avg": 50.99703099004214,
  "circuity_avg": 1.0307491942331386,
  "self_loop_proportion": 0.0008424599831508003,
  "clean_intersection_count": 533,
  "node_density_km": 259.002787331817,
  "intersection_density_km": 223.56866366617578,
  "edge_density_km": 19237.225711956657,
  "street_density_km": 19237.225711956657,
  "clean_intersection_density_km": 84.69232248334875
}