{
  "n": 1517,
  "m": 2164,
  "k_avg": 2.8529993408042187,
  "edge_length_total": 169632.96802504588,
  "edge_length_avg": 78.38861738680494,
  "streets_per_node_avg": 2.9083717864205667,
  "streets_per_node_counts": {
    "0": 0,
    "1": 233,
    "2": 19,
    "3": 926,
    "4": 332,
    "5": 7
  },
  "streets_per_node_proportions": {
    "0": 0.0,
    "1": 0.15359261700725116,
    "2": 0.012524719841793012,
    "3": 0.6104152933421226,
    "4": 0.2188529993408042,
    "5": 0.004614370468029005
  },
  "intersection_count": 1284,
  "street_length_total": 169632.96802504588,
  "street_segment_count": 2164,
  "street_length_avg": 78.38861738680494,
  "circuity_avg": 1.089757937919371,
  "self_loop_proportion": 0.003234750462107209,
  "clean_intersection_count": 730,
  "node_density_km": 169.11027251351845,
  "intersection_density_km": 143.13618319535775,
  "edge_density_km": 18910.136750159836,
  "street_density_km": 18910.136750159836,
  "clean_intersection_density_km": 81.3780480783576
}